{"data_time": 0.0013080858625471592, "iteration": 0, "lr": 5e-05, "total_loss": 10.86047077178955}
{"data_time": 0.0011704793432727456, "iteration": 1, "lr": 5e-05, "total_loss": 10.084524154663086}
{"data_time": 0.001032872823998332, "eta_seconds": 334975.14907222823, "iteration": 2, "lr": 5e-05, "time": 0.9999108940828592, "total_loss": 9.451911926269531}
{"data_time": 0.0011704793432727456, "eta_seconds": 333974.74642584706, "iteration": 3, "lr": 5e-05, "time": 0.9969276379561052, "total_loss": 9.380244731903076}
{"data_time": 0.001032872823998332, "eta_seconds": 333421.4348163572, "iteration": 4, "lr": 5e-05, "time": 0.995278952177614, "total_loss": 9.308577537536621}
{"data_time": 0.0011704793432727456, "eta_seconds": 333381.0690537989, "iteration": 5, "lr": 5e-05, "time": 0.9951614290475845, "total_loss": 9.213211059570312}
{"data_time": 0.001032872823998332, "eta_seconds": 333419.44425845286, "iteration": 6, "lr": 5e-05, "time": 0.995278952177614, "total_loss": 9.117844581604004}
{"data_time": 0.0010060754138976336, "eta_seconds": 333823.492100928, "iteration": 7, "lr": 5e-05, "time": 0.9964880361221731, "total_loss": 9.096528053283691}
{"data_time": 0.000979278003796935, "eta_seconds": 333417.4537005485, "iteration": 8, "lr": 5e-05, "time": 0.995278952177614, "total_loss": 9.075211524963379}
{"data_time": 0.0008644059998914599, "eta_seconds": 333821.49912485573, "iteration": 9, "lr": 5e-05, "time": 0.9964880361221731, "total_loss": 8.991516590118408}
{"data_time": 0.0007495339959859848, "eta_seconds": 333643.7865908735, "iteration": 10, "lr": 5e-05, "time": 0.9959605208132416, "total_loss": 8.907821655273438}
{"data_time": 0.0008644059998914599, "eta_seconds": 333844.5914174495, "iteration": 11, "lr": 5e-05, "time": 0.9965629184152931, "total_loss": 8.860907554626465}
{"data_time": 0.000979278003796935, "eta_seconds": 333641.79466983187, "iteration": 12, "lr": 5e-05, "time": 0.9959605208132416, "total_loss": 8.813993453979492}
{"data_time": 0.0010060754138976336, "eta_seconds": 333526.63800754934, "iteration": 13, "lr": 5e-05, "time": 0.9956197364954278, "total_loss": 8.797540187835693}
{"data_time": 0.000979278003796935, "eta_seconds": 333639.80274879024, "iteration": 14, "lr": 5e-05, "time": 0.9959605208132416, "total_loss": 8.781086921691895}
{"data_time": 0.0010060754138976336, "eta_seconds": 333606.8080229815, "iteration": 15, "lr": 5e-05, "time": 0.9958649998297915, "total_loss": 8.74678087234497}
{"data_time": 0.001032872823998332, "eta_seconds": 333573.81348821474, "iteration": 16, "lr": 5e-05, "time": 0.9957694788463414, "total_loss": 8.712474822998047}
{"data_time": 0.0010634929640218616, "eta_seconds": 333604.81629298185, "iteration": 17, "lr": 5e-05, "time": 0.9958649998297915, "total_loss": 8.699904918670654}
{"data_time": 0.001032872823998332, "eta_seconds": 333635.818906707, "iteration": 18, "lr": 5e-05, "time": 0.9959605208132416, "total_loss": 8.687335014343262}
{"data_time": 0.0010060754138976336, "eta_seconds": 333602.8245629822, "iteration": 19, "lr": 5e-05, "time": 0.9958649998297915, "total_loss": 8.670326232910156}
{"data_time": 0.0008878930239006877, "eta_seconds": 333633.82698566536, "iteration": 20, "lr": 5e-05, "time": 0.9959605208132416, "total_loss": 8.572020053863525}
{"data_time": 0.0008878930239006877, "eta_seconds": 333600.83283298253, "iteration": 21, "lr": 5e-05, "time": 0.9958649998297915, "total_loss": 8.490070819854736}
{"data_time": 0.0007828865200281143, "eta_seconds": 333631.83506462374, "iteration": 22, "lr": 5e-05, "time": 0.9958649998297915, "total_loss": 8.478554248809814}
{"data_time": 0.0007828865200281143, "eta_seconds": 333598.8411029829, "iteration": 23, "lr": 5e-05, "time": 0.9958649998297915, "total_loss": 8.46279764175415}
{"data_time": 0.0007860750192776322, "eta_seconds": 333565.847332384, "iteration": 24, "lr": 5e-05, "time": 0.9958649998297915, "total_loss": 8.406514644622803}
{"data_time": 0.0007860750192776322, "eta_seconds": 333596.8493729832, "iteration": 25, "lr": 5e-05, "time": 0.9962384009268135, "total_loss": 8.34181833267212}
{"data_time": 0.0007860750192776322, "eta_seconds": 333563.8557934263, "iteration": 26, "lr": 5e-05, "time": 0.9958649998297915, "total_loss": 8.317673206329346}
{"data_time": 0.0007860750192776322, "eta_seconds": 333480.7017122023, "iteration": 27, "lr": 5e-05, "time": 0.995359412394464, "total_loss": 8.30541181564331}
{"data_time": 0.0007860750192776322, "eta_seconds": 333437.3543028466, "iteration": 28, "lr": 5e-05, "time": 0.9955836314475164, "total_loss": 8.214956283569336}
{"data_time": 0.0007860750192776322, "eta_seconds": 333498.61369502614, "iteration": 29, "lr": 5e-05, "time": 0.9955836314475164, "total_loss": 8.110542297363281}
{"data_time": 0.0007860750192776322, "eta_seconds": 333435.3635072785, "iteration": 30, "lr": 5e-05, "time": 0.995173564995639, "total_loss": 8.091084957122803}
{"data_time": 0.0007860750192776322, "eta_seconds": 333414.46519707143, "iteration": 31, "lr": 5e-05, "time": 0.9948321470292285, "total_loss": 8.06343412399292}
{"data_time": 0.0007724534953013062, "eta_seconds": 333433.3727117104, "iteration": 32, "lr": 5e-05, "time": 0.995173564995639, "total_loss": 8.009804964065552}
{"data_time": 0.0007724534953013062, "eta_seconds": 333412.4745203352, "iteration": 33, "lr": 5e-05, "time": 0.9952599505195394, "total_loss": 7.94881272315979}
{"data_time": 0.0007724534953013062, "eta_seconds": 333431.3819161423, "iteration": 34, "lr": 5e-05, "time": 0.9952599505195394, "total_loss": 7.885828018188477}
{"data_time": 0.0007724534953013062, "eta_seconds": 333410.483843599, "iteration": 35, "lr": 5e-05, "time": 0.995035731466487, "total_loss": 7.850603103637695}
{"data_time": 0.0007724534953013062, "eta_seconds": 333389.58588988753, "iteration": 36, "lr": 5e-05, "time": 0.995035731466487, "total_loss": 7.840587615966797}
{"data_time": 0.0007724534953013062, "eta_seconds": 333408.49316686275, "iteration": 37, "lr": 5e-05, "time": 0.995035731466487, "total_loss": 7.791827201843262}
{"data_time": 0.0007724534953013062, "eta_seconds": 333427.4003250061, "iteration": 38, "lr": 5e-05, "time": 0.995035731466487, "total_loss": 7.7047717571258545}
{"data_time": 0.0007869779365137219, "eta_seconds": 333435.32243600953, "iteration": 39, "lr": 5e-05, "time": 0.9952599505195394, "total_loss": 7.658276796340942}
{"data_time": 0.0008322594221681356, "eta_seconds": 333443.244493769, "iteration": 40, "lr": 5e-05, "time": 0.9952599505195394, "total_loss": 7.65231728553772}
{"data_time": 0.0008322594221681356, "eta_seconds": 333433.3315871975, "iteration": 41, "lr": 5e-05, "time": 0.9952599505195394, "total_loss": 7.627635717391968}
{"data_time": 0.0008322594221681356, "eta_seconds": 333423.4187338699, "iteration": 42, "lr": 5e-05, "time": 0.99503821041435, "total_loss": 7.562398672103882}
{"data_time": 0.0007869779365137219, "eta_seconds": 333431.34073838545, "iteration": 43, "lr": 5e-05, "time": 0.9952599505195394, "total_loss": 7.515561819076538}
{"data_time": 0.0008322594221681356, "eta_seconds": 333421.4279383018, "iteration": 44, "lr": 5e-05, "time": 0.9952599505195394, "total_loss": 7.481845140457153}
{"data_time": 0.0007762979948893189, "eta_seconds": 333429.3498895734, "iteration": 45, "lr": 5e-05, "time": 0.9952599505195394, "total_loss": 7.446049690246582}
{"data_time": 0.0007762979948893189, "eta_seconds": 333437.27178760106, "iteration": 46, "lr": 5e-05, "time": 0.9954244060209021, "total_loss": 7.412311315536499}
{"data_time": 0.0007762979948893189, "eta_seconds": 333427.35904076137, "iteration": 47, "lr": 5e-05, "time": 0.9954244060209021, "total_loss": 7.380153179168701}
{"data_time": 0.0007762979948893189, "eta_seconds": 333435.2808855451, "iteration": 48, "lr": 5e-05, "time": 0.9955393135314807, "total_loss": 7.36942195892334}
{"data_time": 0.0007897350005805492, "eta_seconds": 333425.3681919493, "iteration": 49, "lr": 5e-05, "time": 0.9953473334899172, "total_loss": 7.342585325241089}
{"data_time": 0.0008361989166587591,