{"data_time": 0.0014411650045076385, "iteration": 0, "lr": 5e-05, "total_loss": 10.86047077178955}
{"data_time": 0.0009524804991087876, "iteration": 1, "lr": 5e-05, "total_loss": 10.083935260772705}
{"data_time": 0.001286156999412924, "eta_seconds": 8649448.917897075, "iteration": 2, "lr": 5e-05, "time": 25.818865144989104, "total_loss": 9.440001487731934}
{"data_time": 0.0009059479998541065, "eta_seconds": 8575895.740720144, "iteration": 3, "lr": 5e-05, "time": 25.5993831139931, "total_loss": 9.373700618743896}
{"data_time": 0.0010666789894457906, "eta_seconds": 8631602.345258702, "iteration": 4, "lr": 5e-05, "time": 25.765746411998407, "total_loss": 9.30739974975586}
{"data_time": 0.0007962089948705398, "eta_seconds": 8618618.126283506, "iteration": 5, "lr": 5e-05, "time": 25.727064692997374, "total_loss": 9.212128639221191}
{"data_time": 0.0005257390002952889, "eta_seconds": 8619872.805872891, "iteration": 6, "lr": 5e-05, "time": 25.730886791003286, "total_loss": 9.116857528686523}
{"data_time": 0.000506085496454034, "eta_seconds": 8625686.061502784, "iteration": 7, "lr": 5e-05, "time": 25.748316601500846, "total_loss": 9.09308910369873}
{"data_time": 0.0005257390002952889, "eta_seconds": 8619821.34409931, "iteration": 8, "lr": 5e-05, "time": 25.730886791003286, "total_loss": 9.069320678710938}
{"data_time": 0.0006622090004384518, "eta_seconds": 8612676.266367672, "iteration": 9, "lr": 5e-05, "time": 25.709634882499813, "total_loss": 8.98242473602295}
{"data_time": 0.0007986790005816147, "eta_seconds": 8605531.231139852, "iteration": 10, "lr": 5e-05, "time": 25.68838297399634, "total_loss": 8.895528793334961}
{"data_time": 0.0007918894989416003, "eta_seconds": 8612624.847097907, "iteration": 11, "lr": 5e-05, "time": 25.709634882499813, "total_loss": 8.853058815002441}
{"data_time": 0.000785099997301586, "eta_seconds": 8617175.898946738, "iteration": 12, "lr": 5e-05, "time": 25.72329706099117, "total_loss": 8.810588836669922}
{"data_time": 0.0007462590001523495, "eta_seconds": 8618421.432657516, "iteration": 13, "lr": 5e-05, "time": 25.72709192599723, "total_loss": 8.789298057556152}
{"data_time": 0.0007268470071721822, "eta_seconds": 8619666.958778564, "iteration": 14, "lr": 5e-05, "time": 25.730886791003286, "total_loss": 8.768007278442383}
{"data_time": 0.0007467715040547773, "eta_seconds": 8618369.978473663, "iteration": 15, "lr": 5e-05, "time": 25.72709192599723, "total_loss": 8.735990524291992}
{"data_time": 0.0007666960009373724, "eta_seconds": 8619615.497004982, "iteration": 16, "lr": 5e-05, "time": 25.730886791003286, "total_loss": 8.703973770141602}
{"data_time": 0.0007619214957230724, "eta_seconds": 8622145.699786797, "iteration": 17, "lr": 5e-05, "time": 25.73851667150302, "total_loss": 8.69331693649292}
{"data_time": 0.002807431999826804, "iteration": 0, "lr": 5e-05, "total_loss": 10.86047077178955}
{"data_time": 0.0016498550030519255, "iteration": 1, "lr": 5e-05, "total_loss": 10.083935260772705}
{"data_time": 0.0005120069981785491, "eta_seconds": 8619044.69123013, "iteration": 2, "lr": 5e-05, "time": 25.72810761400615, "total_loss": 9.440001487731934}
{"data_time": 0.00180548700154759, "iteration": 0, "lr": 5e-05, "total_loss": 10.86047077178955}
{"data_time": 0.0014332204955280758, "iteration": 1, "lr": 5e-05, "total_loss": 10.083935260772705}
{"data_time": 0.0010609539895085618, "eta_seconds": 8602223.053338168, "iteration": 2, "lr": 5e-05, "time": 25.67789451900171, "total_loss": 9.440001487731934}
{"data_time": 0.0009005849933600985, "eta_seconds": 8574829.753975058, "iteration": 3, "lr": 5e-05, "time": 25.59620110200194, "total_loss": 9.373700618743896}
{"data_time": 0.0009029859938891605, "iteration": 0, "lr": 5e-05, "total_loss": 11.327921867370605}
{"data_time": 0.0016307824989780784, "iteration": 1, "lr": 5e-05, "total_loss": 11.342677593231201}
{"data_time": 0.0023585790040669963, "eta_seconds": 2862262.2889005477, "iteration": 2, "lr": 5e-05, "time": 6.408260321011767, "total_loss": 11.329483985900879}
{"data_time": 0.0017029235023073852, "eta_seconds": 2862870.7064581364, "iteration": 3, "lr": 5e-05, "time": 6.40963684500457, "total_loss": 11.343458652496338}
{"data_time": 0.0010472680005477741, "eta_seconds": 2863143.539721141, "iteration": 4, "lr": 5e-05, "time": 6.41026203900401, "total_loss": 11.35576343536377}
{"data_time": 0.0011308644970995374, "eta_seconds": 2863256.0381426434, "iteration": 5, "lr": 5e-05, "time": 6.41052826300438, "total_loss": 11.345033168792725}
{"data_time": 0.0012144609936513007, "eta_seconds": 2863130.7191970632, "iteration": 6, "lr": 5e-05, "time": 6.41026203900401, "total_loss": 11.338150978088379}
{"data_time": 0.0011308644970995374, "eta_seconds": 2863055.6510274047, "iteration": 7, "lr": 5e-05, "time": 6.4101083205023315, "total_loss": 11.340061664581299}
{"data_time": 0.001176661011413671, "iteration": 0, "lr": 5e-05, "total_loss": 11.327921867370605}
{"data_time": 0.0011061955010518432, "iteration": 1, "lr": 5e-05, "total_loss": 11.342677593231201}
{"data_time": 0.0011234899866394699, "eta_seconds": 2856998.9962181174, "iteration": 2, "lr": 5e-05, "time": 6.396476442998392, "total_loss": 11.329483985900879}
{"data_time": 0.0011500754990265705, "eta_seconds": 2858118.5685008415, "iteration": 3, "lr": 5e-05, "time": 6.398997356998734, "total_loss": 11.343458652496338}
{"data_time": 0.001176661011413671, "eta_seconds": 2859238.1357417377, "iteration": 4, "lr": 5e-05, "time": 6.401518270999077, "total_loss": 11.35576343536377}
{"data_time": 0.0012264845063327812, "eta_seconds": 2858105.7705061277, "iteration": 5, "lr": 5e-05, "time": 6.398997356998734, "total_loss": 11.345033168792725}
{"data_time": 0.001176661011413671, "eta_seconds": 2859225.3327051955, "iteration": 6, "lr": 5e-05, "time": 6.401518270999077, "total_loss": 11.338150978088379}
{"data_time": 0.0011500754990265705, "eta_seconds": 2858820.9874694482, "iteration": 7, "lr": 5e-05, "time": 6.400627312999859, "total_loss": 11.340061664581299}
{"data_time": 0.001176661011413671, "eta_seconds": 2858416.6440156163, "iteration": 8, "lr": 5e-05, "time": 6.399736355000641, "total_loss": 11.338150978088379}
{"data_time": 0.0012264845063327812, "eta_seconds": 2858106.114542271, "iteration": 9, "lr": 5e-05, "time": 6.399055434500042, "total_loss": 11.340061664581299}
{"data_time": 0.0012763080012518913, "eta_seconds": 2857795.586430767, "iteration": 10, "lr": 5e-05, "time": 6.398374513999443, "total_loss": 11.338150978088379}
{"data_time": 0.001407306503097061, "eta_seconds": 2858046.0265380414, "iteration": 11, "lr": 5e-05, "time": 6.398949555994477, "total_loss": 11.33622694015503}
{"data_time": 0.0015383050049422309, "eta_seconds": 2857782.789681739, "iteration": 12, "lr": 5e-05, "time": 6.398374513999443, "total_loss": 11.33430290222168}
{"data_time": 0.001407306503097061, "eta_seconds": 2858033.2286389293, "iteration": 13, "lr": 5e-05, "time": 6.398949555994477, "total_loss": 11.332839012145996}
{"data_time": 0.0012763080012518913, "eta_seconds": 2858144.8762013507, "iteration": 14, "lr": 5e-05, "time": 6.399213855009293, "total_loss": 11.331375122070312}
{"data_time": 0.0012507934952736832, "eta_seconds": 2857951.0357728465, "iteration": 15, "lr": 5e-05, "time": 6.398794184504368, "total_loss": 11.332839012145996}
{"data_time": 0.0012308660079725087, "eta_seconds": 2858132.077773641, "iteration": 16, "lr": 5e-05, "time": 6.399213855009293, "total_loss": 11.331375122070312}
{"data_time": 0.0012535870046122, "eta_seconds": 2857938.238184477, "iteration": 17, "lr": 5e-05, "time": 6.398794184504368, "total_loss": 11.330994129180908}
{"data_time": 0.0012763080012518913, "eta_seconds": 2858119.2793459306, "iteration": 18, "lr": 5e-05, "time": 6.399213855009293, "total_loss": 11.330613136291504}
{"data_time": 0.0012535870046122, "eta_seconds": 2858182.2744775605, "iteration": 19, "lr": 5e-05, "time": 6.399369226499402, "total_loss": 11.330994129180908}
{"data_time": 0.0012953120021848008, "eta_seconds": 2858106.4809182207,